,Ask_rate,Accuracy
0,43.32977588046958,91.07
1,25.506937033084313,76.35
2,55.81643543223052,93.07
